-- MySQL dump 10.17  Distrib 10.3.13-MariaDB, for Win64 (AMD64)
--
-- Host: localhost    Database: database_news
-- ------------------------------------------------------
-- Server version	10.3.13-MariaDB-log

/*!40101 SET @OLD_CHARACTER_SET_CLIENT=@@CHARACTER_SET_CLIENT */;
/*!40101 SET @OLD_CHARACTER_SET_RESULTS=@@CHARACTER_SET_RESULTS */;
/*!40101 SET @OLD_COLLATION_CONNECTION=@@COLLATION_CONNECTION */;
/*!40101 SET NAMES utf8mb4 */;
/*!40103 SET @OLD_TIME_ZONE=@@TIME_ZONE */;
/*!40103 SET TIME_ZONE='+00:00' */;
/*!40014 SET @OLD_UNIQUE_CHECKS=@@UNIQUE_CHECKS, UNIQUE_CHECKS=0 */;
/*!40014 SET @OLD_FOREIGN_KEY_CHECKS=@@FOREIGN_KEY_CHECKS, FOREIGN_KEY_CHECKS=0 */;
/*!40101 SET @OLD_SQL_MODE=@@SQL_MODE, SQL_MODE='NO_AUTO_VALUE_ON_ZERO' */;
/*!40111 SET @OLD_SQL_NOTES=@@SQL_NOTES, SQL_NOTES=0 */;

--
-- Table structure for table `author`
--

DROP TABLE IF EXISTS `author`;
/*!40101 SET @saved_cs_client     = @@character_set_client */;
/*!40101 SET character_set_client = utf8 */;
CREATE TABLE `author` (
  `id` int(11) NOT NULL AUTO_INCREMENT,
  `name` varchar(40) COLLATE utf8mb4_unicode_ci NOT NULL,
  `position` varchar(40) COLLATE utf8mb4_unicode_ci NOT NULL,
  PRIMARY KEY (`id`)
) ENGINE=InnoDB AUTO_INCREMENT=9 DEFAULT CHARSET=utf8mb4 COLLATE=utf8mb4_unicode_ci;
/*!40101 SET character_set_client = @saved_cs_client */;

--
-- Dumping data for table `author`
--

LOCK TABLES `author` WRITE;
/*!40000 ALTER TABLE `author` DISABLE KEYS */;
INSERT INTO `author` VALUES (1,'Иван','Директор'),(2,'Анатолий','Сотрудник'),(3,'Александр','Редактор'),(4,'Алексей','Сотрудник');
/*!40000 ALTER TABLE `author` ENABLE KEYS */;
UNLOCK TABLES;

--
-- Table structure for table `likes`
--

DROP TABLE IF EXISTS `likes`;
/*!40101 SET @saved_cs_client     = @@character_set_client */;
/*!40101 SET character_set_client = utf8 */;
CREATE TABLE `likes` (
  `like_id` int(11) NOT NULL AUTO_INCREMENT,
  `news_id` int(11) NOT NULL,
  `likes` int(11) NOT NULL,
  PRIMARY KEY (`like_id`)
) ENGINE=InnoDB AUTO_INCREMENT=49 DEFAULT CHARSET=utf8mb4 COLLATE=utf8mb4_unicode_ci;
/*!40101 SET character_set_client = @saved_cs_client */;

--
-- Dumping data for table `likes`
--

LOCK TABLES `likes` WRITE;
/*!40000 ALTER TABLE `likes` DISABLE KEYS */;
INSERT INTO `likes` VALUES (39,18,15),(40,18,16),(41,15,18),(42,16,18),(43,19,16),(44,16,19),(45,20,16),(46,20,19),(47,16,20),(48,19,20);
/*!40000 ALTER TABLE `likes` ENABLE KEYS */;
UNLOCK TABLES;

--
-- Table structure for table `news`
--

DROP TABLE IF EXISTS `news`;
/*!40101 SET @saved_cs_client     = @@character_set_client */;
/*!40101 SET character_set_client = utf8 */;
CREATE TABLE `news` (
  `id` int(11) NOT NULL AUTO_INCREMENT,
  `name` varchar(125) COLLATE utf8mb4_unicode_ci NOT NULL,
  `preview` varchar(125) COLLATE utf8mb4_unicode_ci NOT NULL,
  `content` text COLLATE utf8mb4_unicode_ci NOT NULL,
  `image` varchar(100) COLLATE utf8mb4_unicode_ci NOT NULL,
  `date` datetime NOT NULL,
  `author` varchar(40) COLLATE utf8mb4_unicode_ci NOT NULL,
  `views` int(4) NOT NULL,
  PRIMARY KEY (`id`)
) ENGINE=InnoDB AUTO_INCREMENT=21 DEFAULT CHARSET=utf8mb4 COLLATE=utf8mb4_unicode_ci;
/*!40101 SET character_set_client = @saved_cs_client */;

--
-- Dumping data for table `news`
--

LOCK TABLES `news` WRITE;
/*!40000 ALTER TABLE `news` DISABLE KEYS */;
INSERT INTO `news` VALUES (15,'Центр «Доброта» переезжает в центр Благовещенска','Комплексный центр «Доброта» в Благовещенске планирует переезд в центральную часть города','«Здание кирпичное, основательное, теплое, 1974 года постройки, – рассказывает директор Благовещенского КЦСОН Оксана Подкорытова. – Раньше в нём располагался учебно-производственный корпус Амурского строительного колледжа. Теперь разместиться здесь планируем мы». С руководителем соцучреждения на объекте побывала министр социальной защиты населения Амурской области Наталья Киселёва.\r\n\r\nРемонт запланирован на 2020 год. Сейчас готовится проектно-сметная документация. Капитальный ремонт основного здания, площадь которого составляет 3 420 квадратных метров, отдельно стоящих гаражей, благоустройство территории (спортивного поля, зоны отдыха, парковки), включая освещение, – потребует значительных средств.\r\n\r\nНа новом месте планируют разместить централизованную бухгалтерию министерства соцзащиты области: ресурсный центр, где будет налажено межведомственное взаимодействие с Пенсионным фондом РФ, медицинскими и социально-страховыми организациями. Запланированы также большой актовый и конференц-залы, два адаптивных спортзала, а на спортивном стадионе (с волейбольной, мини-футбольной и баскетбольной площадками, беговой дорожкой) под открытым небом будут проводиться спартакиады, в том числе и областного значения. Откроется комната «Мать и дитя»; отделение дневного пребывания граждан расширят до трех отдельных помещений и места для приема пищи.','/components/images/1.jpg','2020-03-05 12:12:40','3',9),(16,'Закрытие границы с Китаем в Приамурье ввело в ступор российский бизнес','В связи с эпидемией коронавируса практически парализована деятельность российского бизнеса на участке границы','\r\n\r\n«90 % продаж наших товаров в Китае затормозились. Взять хотя бы продукты питания, в этой сфере мы работаем с производителями из Москвы, Калуги, Новосибирска и Омска. Наши партнеры не могут добраться в Китай, не могут доставить товар до китайских магазинов, не могут получить расчет, люди терпят большие убытки», – рассказал представитель РКТП Николай Толмачев.\r\n\r\nПричем основные препоны возникают именно с российской стороны. Уже в 2012 году после открытия нового таможенно-логистического терминала Благовещенск – Хэйхэ пропускная способность переправы достигала 80 машин в сутки, а в декабре 2019 года минэкономразвития сообщало о том, что в среднем в сутки по грузовому понтонному мосту проезжает около 120 транспортных средств. Сегодня на проезд введен лимит, сокративший трафик в несколько раз.\r\n\r\n«Сегодня в Китай с нашей стороны пускают только 30 российских машин в день. Чтобы попасть туда наши специалисты стоят в очереди по восемь дней. Из-за простоя возникает дефицит транспортных услуг, что вызывает поднятие цен на товары почти в два раза. Это касается как экспорта, так и импорта», – отметил китаист.\r\n\r\nПо информации собеседника Амур.инфо, со стороны Хэйхэ нет особых ограничений на количество машин. Единственная проблема в том, что российский водитель со своим транспортным средством должен вернуться из Китая в тот же день, иначе он застрянет на двухнедельный карантин.\r\n\r\n«Это значит, что мы с нашим товаром успеем только разгрузиться в Китае, а загрузиться для перевозки в Россию уже не остается времени, поэтому грузовик едет порожний, что опять же влияет на стоимость транспортных услуг, которые закладываются в цену товара», – объяснил Николай Толмачев.\r\n\r\nВозможность отправить товары через морские порты, например, Владивостока и Находки, где обстановка с грузами посвободнее, – слишком дорогой вариант, поскольку это дополнительные расходы и потеря контроля над грузами, если у компании на месте нет надежного контрагента.\r\n\r\n«Плюс ко всему, остановлен процесс поиска новых решений для развития бизнеса с Китаем. Ассортимент товаров постоянно обновляется, а мы не можем опытные образцы поставить ни туда, ни оттуда, чтобы оценить, что называется, пощупать. Нет возможности участвовать в переговорах лицом к лицу, потому что при работе с КНР по телефону серьезные вопросы не решаются. Закрыт путь и для участия, и посещения китайских промышленных выставок», – сетует представитель Русско-китайской торговой палаты.\r\n\r\nДругими словами, для российского бизнеса внешнеэкономическая деятельность еще теплится только на основании старых контрактов, которые предприниматели успели заключить до вспышки эпидемии коронавируса. Все новое находится в экономическом ступоре.\r\n','/components/images/2.jpg','2020-03-05 12:13:40','2',2),(17,'В Благовещенске женщина выкинула письма в мусор','В редакцию ИА «Амур.инфо» обратился сотрудник одной из компаний, чей офис находится в Благовещенске на улице Театральной','«Их было двое. Одна – почтальон – заходила к нам в офис, приносила корреспонденцию, а вторая – не знаю, кто. Может быть, ее знакомая или коллега. Эта женщина подошла к урне и выкинула пачку писем. Мы эти письма забрали», – рассказал сотрудник компании.\r\nСпасенных из урны писем оказалось пять. «Из них одно адресовано на наш адрес, все остальные – на соседний дом. Одно из Краснодара пришло, два – с Сахалина, одно из Екатеринбурга, одно – из Благовещенска. Люди отправляли, надеялись, а у нас вот так тут доставка работает», – отмечает собеседник.\r\n\r\nВ пресс-службе УФПС Амурской области агентству сказали, что по данному факту проводится служебное расследование. «По итогам проверки к виновным лицам будут применены меры дисциплинарной ответственности. Корреспонденция оперативно собрана и будет лично доставлена адресатам до 6 марта. В свою очередь, чтобы исключить подобные нештатные ситуации, УФПС Амурской области провело дополнительные инструктажи с работниками, в том числе на этапе прохождения ими испытательного срока», – сообщили в пресс-службе.\r\n\r\nТам добавили, что по любым вопросам, связанным с обслуживанием и оказанием услуг, необходимо обращаться в службу клиентской поддержки Почты России по бесплатному телефону 8-800-1-000-000, а также с помощью мобильного приложения Почты России или на сайте компании. Служба клиентской поддержки Почты России работает круглосуточно и без выходных.\r\n\r\nРанее сообщалось, что депутат Законодательного собрания Амурской области Ирина Киевская предложила отказаться от Почты России.','/components/images/3.jpg','2020-03-05 12:15:16','1',4),(18,'Пациентов детской поликлиники № 1 Благовещенска переводят в другие медучреждения','Маленьких пациентов детской поликлиники № 1, расположенной в микрорайоне Благовещенска, переводят в другие медучреждения','«Собираются перевести детей в третью поликлинику. А ничего, что там и сейчас места немного для тех, кто уже туда ходит? По месту жительства мы относимся именно к третьей поликлинике – недавно переехали из микрорайона. Но менять лечебное учреждение не стали по двум причинам: врач ведет ребенка с рождения, не хотела уходить к другому. Но не менее весомая причина – это как раз условия в этой поликлинике на Ленина. Но теперь выхода нет, придется переходить», – высказалась одна из мам.\r\n\r\n«Детская поликлиника – это то учреждение, которое должно находиться в относительной доступности, потому что с маленьким ребенком, особенно с ребенком-грудничком, ехать на другой конец города – это издевательство над детьми и родителями. Сейчас родители с больными детьми должны будут добираться из одного конца города в другой. Это однозначно не улучшает доступность медицинских услуг и качество медобслуживания. Тем более что поликлиника на Ленина – это маленькое и тесное помещение. Что станет лучше, непонятно. Очень сомнительно это все», – добавила другая мама.\r\n\r\n«Мы рассчитываем на понимание со стороны взрослых. В итоге станет меньше очередей, доктора получат адекватную нагрузку. Во избежание какой-либо путаницы наши сотрудники заблаговременно сообщают о будущем перераспределении всем родителям. Но даже если кто-то окажется не в курсе, то при первом же звонке в поликлинику его сразу же известят о нововведении», – сказала Ирина Молчанова.\r\n\r\nКак сообщили в минздраве региона, для того чтобы благополучно приписаться к другой поликлинике, родителям достаточно просто знать об этих изменениях и с 1 апреля обращаться по новому месту приписки. Амбулаторные карты передадут в учреждения в организованном порядке сами медработники.\r\n\r\n«Мы понимаем, что менять что-либо уже привычное и устоявшееся всегда непросто. Но в данном случае речь идет лишь о временных неудобствах, связанных с перераспределением участков. В результате же мы получим более упорядоченную, более упрощенную систему оказания детям медицинской помощи в условиях наших поликлиник. Это вынужденная мера. В детской поликлинике № 1, расположенной в микрорайоне, врачи перегружены, само здание малогабаритное, а численность приписного населения на участках растет по мере расширения жилой застройки этого района города. При этом отдельные участки в ДП № 1 территориально ближе к центру города. Поэтому было принято и утверждено минздравом региона решение о передаче в ДП № 3 и 4 трех участков, граничащих с зонами ответственности этих поликлиник», – пояснила главный врач ДГКБ Ирина Молчанова.','/components/images/4.jpg','2020-03-05 12:16:16','4',3),(19,'С 1 июля японские автомобили могут подорожать','С 1 июля 2020 года изменятся правила выдачи СБКТС (свидетельство о безопасности конструкции транспортного средства)','«Это немного затянет получение техсвидетельства, само свидетельство подорожает. Еще год назад такое нововведение казалось нереальным, потому что ни одной лаборатории не было. Сейчас во Владивостоке открываются как минимум 2 лаборатории, должно быть 5», – поясняет в программе «Простые вопросы» генеральный директор компании «Япония Транзит» Дмитрий Клатаевский. Компания «Япония Транзит» занимается доставкой автомобилей с аукционов в Японии.\r\nПо некоторым прогнозам, стоимость автомобилей увеличится на 5-6 тысяч рублей. «Это все будет зависеть от того, на какой склад придет машина: на каких-то складах лаборатория будет на территории склада, а в каких-то машину придется вывозить на эвакуаторе и назад ее привозить. То есть эвакуатор – это как минимум еще 6 тысяч рублей сверху», – рассуждает Дмитрий.\r\n\r\nСейчас, по словам Дмитрия, около 5 тысяч автомобилей приходит в порты Приморского края из Японии каждую неделю.\r\n\r\nВ этом году нововведения коснутся и электромобилей. С 20 марта в России отменяются таможенные пошлины на ввоз электрокаров. «Отмена пошлины на электрокар не значит, что вы вообще ничего не платите. Вы все равно платите акциз, НДС, какие-то определенные платежи есть, но вы можете экономить от 15 до 200 тысяч рублей, покупая электрокар. Получается, вы сохраняете свои деньги и не вредите экологии», – резюмирует Дмитрий Клатаевский.','/components/images/5.jpg','2020-03-05 12:17:56','1',4),(20,'Преподаватели БГПУ дистанционно наладили обучение с китайскими студентами','Преподаватели Благовещенского педагогического университета ведут дистанционное обучение с китайскими студентами','Изначально каникулы у китайских студентов должны были закончиться 10 февраля, затем сроки сдвигали на март. На сегодняшний день граница с Китаем закрыта до 1 апреля, когда очное обучение китайских студентов возобновится, неизвестно. На разных формах обучения – подготовительных курсах, бакалавриате, магистратуре, аспирантуре БГПУ –обучается порядка 260 китайских студентов. Из них лишь единицы продолжают обучение в институте, потому что не поехали справлять китайский Новый год на родину. Подробности в материале.','/components/images/6.jpg','2020-03-05 12:18:59','3',2);
/*!40000 ALTER TABLE `news` ENABLE KEYS */;
UNLOCK TABLES;

--
-- Table structure for table `visitors`
--

DROP TABLE IF EXISTS `visitors`;
/*!40101 SET @saved_cs_client     = @@character_set_client */;
/*!40101 SET character_set_client = utf8 */;
CREATE TABLE `visitors` (
  `id` int(11) NOT NULL AUTO_INCREMENT,
  `ip_address` varchar(15) COLLATE utf8mb4_unicode_ci NOT NULL,
  `date` datetime NOT NULL,
  `news_id` int(11) NOT NULL,
  PRIMARY KEY (`id`)
) ENGINE=InnoDB AUTO_INCREMENT=156 DEFAULT CHARSET=utf8mb4 COLLATE=utf8mb4_unicode_ci;
/*!40101 SET character_set_client = @saved_cs_client */;

--
-- Dumping data for table `visitors`
--

LOCK TABLES `visitors` WRITE;
/*!40000 ALTER TABLE `visitors` DISABLE KEYS */;
INSERT INTO `visitors` VALUES (128,'127.0.0.1','2020-03-05 12:07:32',14),(129,'127.0.0.1','2020-03-05 12:07:46',14),(130,'127.0.0.1','2020-03-05 12:07:55',13),(131,'127.0.0.1','2020-03-05 12:09:40',13),(132,'127.0.0.1','2020-03-05 12:12:55',15),(133,'127.0.0.1','2020-03-05 12:12:58',15),(134,'127.0.0.1','2020-03-05 12:16:21',18),(135,'127.0.0.1','2020-03-05 12:16:24',16),(136,'127.0.0.1','2020-03-05 12:19:04',19),(137,'127.0.0.1','2020-03-05 12:19:10',18),(138,'127.0.0.1','2020-03-05 12:19:13',15),(139,'127.0.0.1','2020-03-05 12:20:08',17),(140,'127.0.0.1','2020-03-05 12:20:12',17),(141,'127.0.0.1','2020-03-05 12:37:38',15),(142,'127.0.0.1','2020-03-05 12:37:43',15),(143,'127.0.0.1','2020-03-05 12:37:52',15),(144,'127.0.0.1','2020-03-05 12:45:35',16),(145,'127.0.0.1','2020-03-05 12:45:43',19),(146,'127.0.0.1','2020-03-05 12:45:45',19),(147,'127.0.0.1','2020-03-05 12:47:13',17),(148,'127.0.0.1','2020-03-05 12:48:13',20),(149,'127.0.0.1','2020-03-05 12:48:14',18),(150,'127.0.0.1','2020-03-05 12:48:19',15),(151,'127.0.0.1','2020-03-05 12:54:49',15),(152,'127.0.0.1','2020-03-05 12:55:42',19),(153,'127.0.0.1','2020-03-05 12:55:46',20),(154,'127.0.0.1','2020-03-05 12:55:49',17),(155,'127.0.0.1','2020-03-05 12:55:52',15);
/*!40000 ALTER TABLE `visitors` ENABLE KEYS */;
UNLOCK TABLES;
/*!40103 SET TIME_ZONE=@OLD_TIME_ZONE */;

/*!40101 SET SQL_MODE=@OLD_SQL_MODE */;
/*!40014 SET FOREIGN_KEY_CHECKS=@OLD_FOREIGN_KEY_CHECKS */;
/*!40014 SET UNIQUE_CHECKS=@OLD_UNIQUE_CHECKS */;
/*!40101 SET CHARACTER_SET_CLIENT=@OLD_CHARACTER_SET_CLIENT */;
/*!40101 SET CHARACTER_SET_RESULTS=@OLD_CHARACTER_SET_RESULTS */;
/*!40101 SET COLLATION_CONNECTION=@OLD_COLLATION_CONNECTION */;
/*!40111 SET SQL_NOTES=@OLD_SQL_NOTES */;

-- Dump completed on 2020-03-05 12:58:11
